{"stat.walkOneCm":72050,"achievement.openInventory":20,"stat.leaveGame":11,"stat.damageTaken":1260,"stat.drop.minecraft.wool":2,"stat.flyOneCm":79333,"stat.deaths":5,"stat.drop":3,"stat.jump":88,"stat.playOneMinute":148055,"stat.entityKilledBy.Zombie":1,"stat.climbOneCm":1064,"stat.fallOneCm":617,"stat.sneakTime":1283,"stat.pickup.minecraft.wool":1,"stat.drop.minecraft.carpet":1,"stat.crouchOneCm":1,"stat.useItem.minecraft.wool":5,"stat.timeSinceDeath":2508,"stat.pickup.minecraft.dirt":1,"stat.useItem.minecraft.stone_slab2":83,"achievement.exploreAllBiomes":{"value":0,"progress":["Plains"]}}